Weight,Height,BMI,Category
75.0,175.0,0.0024489795918367346,Underweight
75.0,1.75,24.489795918367346,Normal
